{ "index": { "_id" : "1" }}
{"id":"3","date":"01/06/2016","hour":"09:24:56","sequence code":"571"}
{ "index": { "_id" : "2" }}
{"id":"0","date":"02/06/2016","hour":"09:33:26","sequence code":"000"}
{ "index": { "_id" : "3" }}
{"id":"1","date":"02/06/2016","hour":"09:36:39","sequence code":"574"}
{ "index": { "_id" : "4" }}
{"id":"2","date":"02/06/2016","hour":"09:36:56","sequence code":"help"}
{ "index": { "_id" : "5" }}
{"id":"3","date":"02/06/2016","hour":"09:41:05","sequence code":"259"}
{ "index": { "_id" : "6" }}
{"id":"4","date":"02/06/2016","hour":"09:41:07","sequence code":"259"}
{ "index": { "_id" : "7" }}
{"id":"5","date":"02/06/2016","hour":"09:42:04","sequence code":"264"}
{ "index": { "_id" : "8" }}
{"id":"6","date":"02/06/2016","hour":"09:42:06","sequence code":"264"}
{ "index": { "_id" : "9" }}
{"id":"7","date":"02/06/2016","hour":"09:49:47","sequence code":"523"}
{ "index": { "_id" : "10" }}
{"id":"8","date":"02/06/2016","hour":"09:49:47","sequence code":"523"}
{ "index": { "_id" : "11" }}
{"id":"9","date":"02/06/2016","hour":"09:51:39","sequence code":"521"}
{ "index": { "_id" : "12" }}
{"id":"10","date":"02/06/2016","hour":"09:52:42","sequence code":"521"}
{ "index": { "_id" : "13" }}
{"id":"11","date":"02/06/2016","hour":"09:57:21","sequence code":"575"}
{ "index": { "_id" : "14" }}
{"id":"12","date":"02/06/2016","hour":"10:27:50","sequence code":"583"}
